id,date,category,evidenceLevel,priority,relevanceScore,title,titleZh,url,doi,pmid,trialId
"pmid-42721706","2026-10-05","临床试验","综述（非原始临床研究）","medium","13","Dysfunction of the blood-brain barrier and neurovascular unit in amyotrophic lateral sclerosis - From advanced human models to treatments.","肌萎缩侧索硬化中血脑屏障与神经血管单元的功能障碍——从先进人类模型到治疗","https://pubmed.ncbi.nlm.nih.gov/42721706/","10.1016/j.jns.2026.126168","42721706",""
"pmid-42756835","2026-10-05","临床试验","动物/细胞实验","medium","9","The thymus gland is a target and maintainer of amyotrophic lateral sclerosis pathophysiology.","胸腺是肌萎缩侧索硬化病理生理学的靶标和维持者","https://pubmed.ncbi.nlm.nih.gov/42756835/","10.1016/j.bbih.2026.101323","42756835",""
"pmid-42727824","2026-10-05","生物标志物","动物/细胞实验","medium","7","Exploring the toxicological impact of BDE-209 on neurodegenerative diseases through network toxicology, molecular docking, molecular dynamics simulation and in-vitro study.","通过网络毒理学、分子对接、分子动力学模拟和体外研究探索BDE-209对神经退行性疾病的毒理学影响","https://pubmed.ncbi.nlm.nih.gov/42727824/","10.1016/j.taap.2026.118034","42727824",""
"pmid-42763025","2026-10-05","临床试验","动物/细胞实验","high","7","TBK1 overexpression reduces neuronal loss in the P497S UBQLN2 mouse model of ALS/FTD.","TBK1过表达可减少ALS/FTD的P497S UBQLN2小鼠模型中的神经元丢失","https://pubmed.ncbi.nlm.nih.gov/42763025/","10.1016/j.nbd.2026.107611","42763025",""
"pmid-42759848","2026-10-05","临床试验","动物/细胞实验","high","11","Cellular senescence is an early feature and therapeutic target in amyotrophic lateral sclerosis TDP-43 Q331K mice.","细胞衰老是肌萎缩侧索硬化TDP-43 Q331K小鼠的早期特征及治疗靶点","https://pubmed.ncbi.nlm.nih.gov/42759848/","10.1016/j.nbd.2026.107610","42759848",""
"pmid-42727616","2026-10-05","遗传","动物/细胞实验","medium","0","Motor coordination and behavioural deficits in a mouse model of KMT2B-related dystonia.","KMT2B相关肌张力障碍小鼠模型中的运动协调与行为缺陷","https://pubmed.ncbi.nlm.nih.gov/42727616/","10.1016/j.nbd.2026.107608","42727616",""
"pmid-42722112","2026-10-05","临床试验","临床试验研究","high","9","Astrocyte-derived extracellular vesicle phosphorylated TDP-43 as a blood-based biomarker for amyotrophic lateral sclerosis.","星形胶质细胞来源的细胞外囊泡磷酸化TDP-43作为肌萎缩侧索硬化症的血源性生物标志物","https://pubmed.ncbi.nlm.nih.gov/42722112/","10.1016/j.nbd.2026.107601","42722112",""
"pmid-42155171","2026-10-05","临床试验","综述/荟萃分析","medium","5","Targeting lysosomal dysfunction with small-molecule TRPML1 ligands: Therapeutic opportunities in lysosomal storage disorders, neurodegeneration and beyond.","靶向溶酶体功能障碍的小分子TRPML1配体：在溶酶体贮积症、神经退行性疾病及其他疾病中的治疗机会","https://pubmed.ncbi.nlm.nih.gov/42155171/","10.1016/j.ejmech.2026.118951","42155171",""
"pmid-42829893","2026-10-04","临床试验","观察性临床研究","medium","7","Cerebrospinal fluid inflammatory proteomic profiling identifies biomarkers linked to disease progression in amyotrophic lateral sclerosis.","脑脊液炎症蛋白质组学分析识别与肌萎缩侧索硬化疾病进展相关的生物标志物","https://pubmed.ncbi.nlm.nih.gov/42829893/","10.1007/s00415-026-14178-1","42829893",""
"pmid-42826761","2026-10-02","临床试验","动物/细胞实验","medium","9","Mdivi-1 regulates mitochondrial fission and function via the CaMK2/Drp1 pathway in amyotrophic lateral sclerosis.","Mdivi-1通过CaMK2/Drp1通路调控肌萎缩侧索硬化中的线粒体分裂与功能","https://pubmed.ncbi.nlm.nih.gov/42826761/","10.1016/j.neuroscience.2026.10.002","42826761",""
"pmid-42826720","2026-10-02","临床试验","动物/细胞实验","high","11","Nitrate-responsive Sialin2 couples stress granule assembly and clearance to maintain neuronal homeostasis.","硝酸盐响应性Sialin2偶联应激颗粒组装与清除以维持神经元稳态","https://pubmed.ncbi.nlm.nih.gov/42826720/","10.1016/j.devcel.2026.09.001","42826720",""
"pmid-42826718","2026-10-02","临床试验","综述","high","5","From patient cells to patient therapy: Twenty years of iPSC-based translation in neurodegenerative disease.","从患者细胞到患者治疗：诱导多能干细胞在神经退行性疾病中二十年的转化历程","https://pubmed.ncbi.nlm.nih.gov/42826718/","10.1016/j.xcrm.2026.103104","42826718",""
"pmid-42826598","2026-10-02","临床试验","综述/荟萃分析","medium","5","Acidic cannabinoids in brain disorders: Neurobiological mechanisms, preclinical evidence, and translational challenges.","酸性大麻素在脑部疾病中的作用：神经生物学机制、临床前证据与转化挑战","https://pubmed.ncbi.nlm.nih.gov/42826598/","10.1016/j.neubiorev.2026.107005","42826598",""
"pmid-42825398","2026-10-02","临床试验","巢式病例对照研究（基于丹麦EPIC队列）","high","9","Associations Between Prediagnosis Plasma Neurofilament Light Polypeptide and Amyotrophic Lateral Sclerosis Risk in the Danish EPIC Cohort.","丹麦EPIC队列中诊断前血浆神经丝轻链多肽与肌萎缩侧索硬化风险之间的关联","https://pubmed.ncbi.nlm.nih.gov/42825398/","10.1002/ana.78382","42825398",""
"epmc-PPR-PPR1333266","2026-10-02","临床试验","待人工判定（原始记录未提供摘要，无法评估研究类型与证据等级）","medium","6","Engineered Chimeric Proteins Functionally Replace ALS-causing Endogenous FUS and TDP-43 to Improve Neuronal Health","工程化嵌合蛋白功能性替代致ALS的内源性FUS和TDP-43以改善神经元健康","https://doi.org/10.64898/2026.09.28.755047","10.64898/2026.09.28.755047","",""
"epmc-PPR-PPR1332972","2026-10-02","机制","动物/细胞实验","medium","4","ALS/FTD-linked TDP-43 alterations prevent HSV-1 infection by disrupting cell-adhesion pathways","与ALS/FTD相关的TDP-43改变通过破坏细胞黏附通路阻止HSV-1感染","https://doi.org/10.64898/2026.09.28.755069","10.64898/2026.09.28.755069","",""
"pmid-42825562","2026-10-01","临床试验","综述","medium","5","Amyotrophic Lateral Sclerosis.","肌萎缩侧索硬化","https://pubmed.ncbi.nlm.nih.gov/42825562/","10.1212/cont.0000000000001753","42825562",""
"epmc-PPR-PPR1333180","2026-10-01","机制","机制研究（仅题名，无摘要）","medium","0","Beyond snapshots: A dynamic framework for continuous motor unit tracking to enhance neurophysiological assessments","超越快照：用于连续运动单位追踪以增强神经生理评估的动态框架","https://doi.org/10.64898/2026.09.25.754489","10.64898/2026.09.25.754489","",""
"epmc-MED-42823490","2026-10-01","遗传","观察性临床研究","medium","5","Insertion or deletion variants in TAF15 exon 15 are genetic factors impacting the prognosis of amyotrophic lateral sclerosis in a Japanese cohort.","TAF15第15外显子的插入或缺失变异是影响日本队列肌萎缩侧索硬化预后的遗传因素","https://doi.org/10.1038/s41431-026-02249-w","10.1038/s41431-026-02249-w","42823490",""
"epmc-MED-42822505","2026-10-01","机制","病例系列研究（机制研究）","medium","0","Progressive anterior opercular syndrome (Foix-Chavany-Marie syndrome) in neurodegenerative disease: a case series.","神经退行性疾病中的进行性前岛盖综合征（Foix-Chavany-Marie综合征）：病例系列研究","https://doi.org/10.1080/13554794.2026.2735595","10.1080/13554794.2026.2735595","42822505",""
"epmc-MED-42822436","2026-10-01","治疗","待人工判定","medium","2","The accessory makes the drug: ASO-delivered siRNA enters the human CNS for ALS.","待复核翻译：The accessory makes the drug: ASO-delivered siRNA enters the human CNS for ALS.","https://doi.org/10.1016/j.stem.2026.09.004","10.1016/j.stem.2026.09.004","42822436",""
"epmc-MED-42821610","2026-10-01","机制","机制研究","low","0","Near-optimal P300 speller performance using large language models: A multi-model analysis with performance bounds.","待复核翻译：Near-optimal P300 speller performance using large language models: A multi-model analysis with performance bounds.","https://doi.org/10.1371/journal.pone.0349281","10.1371/journal.pone.0349281","42821610",""
"epmc-MED-42817823","2026-10-01","遗传","待人工判定","low","5","A genetic screen for suppressors of neuron degeneration in a C. elegans sod-1G85R model of Amyotrophic Lateral Sclerosis.","A genetic screen for suppressors of neuron degeneration in a C. elegans sod-1G85R model of 肌萎缩侧索硬化症.","https://doi.org/10.1093/g3journal/jkag281","10.1093/g3journal/jkag281","42817823",""
"epmc-MED-42817640","2026-10-01","机制","机制研究","low","0","Proteostasis and ageing dissidence.","待复核翻译：Proteostasis and ageing dissidence.","https://doi.org/10.1098/rstb.2025.0266","10.1098/rstb.2025.0266","42817640",""
"trial-NCT06363357","2026-09-03","临床试验","临床试验注册","high","11","The Effect of a Muscle-mimicking, Fabric-type Shoulder Orthosis on Functional Movements of the Upper Limb in Patients With Neuromuscular Disorder","待复核翻译：The Effect of a Muscle-mimicking, Fabric-type Shoulder Orthosis on Functional Movements of the Upper Limb in Patients With Neuromuscular Disorder","https://clinicaltrials.gov/study/NCT06363357","","","NCT06363357"
"trial-NCT06578195","2026-08-24","临床试验","临床试验注册","high","11","ASSESS ALL ALS Study","待复核翻译：ASSESS ALL ALS Study","https://clinicaltrials.gov/study/NCT06578195","","","NCT06578195"
"trial-NCT07636538","2026-06-09","临床试验","临床试验注册","high","9","Auto-calibrating System for Upper Limb Disability Assessment, Neurological and Occupational Rehabilitation","待复核翻译：Auto-calibrating System for Upper Limb Disability Assessment, Neurological and Occupational Rehabilitation","https://clinicaltrials.gov/study/NCT07636538","","","NCT07636538"
"trial-NCT03039673","2025-12-04","临床试验","临床试验注册","high","11","MIROCALS: Modifying Immune Response and OutComes in ALS","待复核翻译：MIROCALS: Modifying Immune Response and OutComes in ALS","https://clinicaltrials.gov/study/NCT03039673","","","NCT03039673"
"trial-NCT06094205","2025-12-01","临床试验","临床试验注册","high","9","Feasibility of the BrainGate2 Neural Interface System in Persons With Tetraplegia (BG-Speech-02)","待复核翻译：Feasibility of the BrainGate2 Neural Interface System in Persons With Tetraplegia (BG-Speech-02)","https://clinicaltrials.gov/study/NCT06094205","","","NCT06094205"
"trial-NCT07202494","2025-10-01","临床试验","临床试验注册","high","11","Integrating Metabolism, Connectivity, and Mesoscale Imaging at Ultra-high Field to Decipher Mechanisms of Resilience and Neurodegeneration in Neurological Diseases and Healthy Aging","待复核翻译：Integrating Metabolism, Connectivity, and Mesoscale Imaging at Ultra-high Field to Decipher Mechanisms of Resilience and Neurodegeneration in Neurological Diseases and Healthy Aging","https://clinicaltrials.gov/study/NCT07202494","","","NCT07202494"
"trial-NCT06849609","2025-03-17","临床试验","临床试验注册","high","11","A Study to Evaluate the Tolerability, Safety and Efficacy of VGN-R13 in Patients with ALS","待复核翻译：A Study to Evaluate the Tolerability, Safety and Efficacy of VGN-R13 in Patients with ALS","https://clinicaltrials.gov/study/NCT06849609","","","NCT06849609"
"trial-NCT05619783","2025-01-13","临床试验","临床试验注册","high","9","Extension Study Evaluating The Safety And Tolerability of AMX0035","待复核翻译：Extension Study Evaluating The Safety And Tolerability of AMX0035","https://clinicaltrials.gov/study/NCT05619783","","","NCT05619783"
"trial-NCT04944784","2024-12-05","临床试验","临床试验注册","high","11","A Study to Evaluate the Efficacy and Safety of Reldesemtiv in Patients With Amyotrophic Lateral Sclerosis (ALS)","A Study to Evaluate the Efficacy and Safety of Reldesemtiv in Patients With 肌萎缩侧索硬化症 (ALS)","https://clinicaltrials.gov/study/NCT04944784","","","NCT04944784"
"trial-NCT06169696","2024-01-18","临床试验","临床试验注册","high","9","EMPOWER Early Feasibility Study: Non-invasive BCI to Control a Wheelchair for People With Paralysis","待复核翻译：EMPOWER Early Feasibility Study: Non-invasive BCI to Control a Wheelchair for People With Paralysis","https://clinicaltrials.gov/study/NCT06169696","","","NCT06169696"
"trial-NCT04997954","2023-04-03","临床试验","临床试验注册","high","13","EMERALD TRIAL Open Label Extension Study","待复核翻译：EMERALD TRIAL Open Label Extension Study","https://clinicaltrials.gov/study/NCT04997954","","","NCT04997954"
"trial-NCT02290886","2022-04-06","临床试验","临床试验注册","high","9","A Multicenter Phase I/II Clinical Trial to Evaluate Safety of Mesenchymal Stem Cell in Patients With Amyotrophic Sclerosis Lateral","A Multicenter Phase I/II 临床试验 to Evaluate Safety of Mesenchymal 干细胞 in Patients With Amyotrophic Sclerosis Lateral","https://clinicaltrials.gov/study/NCT02290886","","","NCT02290886"
"trial-NCT02781454","2019-12-05","临床试验","临床试验注册","high","9","Mexiletine in Sporadic Amyotrophic Lateral Sclerosis","Mexiletine in Sporadic 肌萎缩侧索硬化症","https://clinicaltrials.gov/study/NCT02781454","","","NCT02781454"
"trial-NCT03806647","2019-01-18","临床试验","临床试验注册","high","11","Development and Needs Assessment and Efficiency of Smart Communication System for Patients With ALS (Part 1)","待复核翻译：Development and Needs Assessment and Efficiency of Smart Communication System for Patients With ALS (Part 1)","https://clinicaltrials.gov/study/NCT03806647","","","NCT03806647"
"trial-NCT02383654","2016-02-01","临床试验","临床试验注册","high","9","Compassionate Treatment : An Exploratory Clinical Trial to Assess Treatment of Amyotrophic Lateral Sclerosis","Compassionate Treatment : An Exploratory 临床试验 to Assess Treatment of 肌萎缩侧索硬化症","https://clinicaltrials.gov/study/NCT02383654","","","NCT02383654"